netId,RSO_name
gjone81,Crisis Nursery Student Initiative
npayn20,Alpha Tau Omega: Gamma Zeta
cjohn86,Illinois Women’s Lacrosse Club
smcki25,Illini Women’s Soccer Club
mwell79,Illini Ishaara
tdavi7,Elevate Campus Ministry
dkim64,Collegiate 4-H
mking79,Chi Epsilon Civil Engineering Honor Society
swill89,RISE
epere72,American Constitution Society
smart11,American Cancer Society On Campus
mmill83,Christian Literature Club
mmend32,Illini Equestrians
dsosa21,Illini RoboMaster
mfree40,UIUC Contract Bridge
gshie1,Also Known As Improv ( AKA Improv )
klivi76,Human Development and Family Studies Graduate Student Organization
jdavi51,Reformed University Fellowship
dali81,Illini Fighting Alzheimer’s
dgree96,Society of Women in Business
jwhit25,Impact Investing Club
cmcla17,Actuarial Science Club
mjone9,Foundation for International Medical Relief of Children - UIUC Chapter
vcart87,Robobrawl
ehigg34,Minorities in STEM
jhowa28,Impact Investing Club
jobri18,Fizaa
phend36,Illini Culinary Care Collective [ CCC ]
vthom15,Mimosa Dance Crew
rlope58,Collegiate 4-H
cjoyc66,Christ Community
fsimp5,Phi Chi Premedical Society
nwrig38,Club Insecta
emart9,Next Generation Leaders
idavi6,Montage Arts Journal
jhall95,Illinois Robotics in Space
mwill33,Arab American Association of Engineers and Architects
jjone75,Structural Engineers Association of Illinois Student Chapter ( SEAOI )
mrodr99,Design Innovation Illinois
amars85,"Phi Alpha Delta Law Fraternity, Magruder Chapter ( Illinois Law School )"
cwals66,Cancer Center at Illinois Student Organization
gbrid67,Irish Illini
pflow3,NRES Graduate Student Association
cbrow19,Hindu YUVA UIUC
swarn74,Black Law Students Association
bpalm18,Army ROTC Cadet Council
tmerc94,Illini Mentor Program
skoch6,International Water Resources Association
dsmit26,Capoeira Club at UIUC
jalva9,Illini RoboMaster
ewebb96,College of Nursing at Urbana Urban Health Program
fpham43,Phi Chi Premedical Society
tmull37,Impact Investing Club
ddown74,Special Populations’ Student Health Concerns Committee
jsims10,Off The Record
jrhod70,Gaga Ball Club
dking24,OTCR Consulting
msmit71,Naval Reserve Officers Training Corps
kwong1,Illini Blockchain
jvale21,Illinois Solar Decathlon
krios78,BLNKD
mloga69,Gies Capital Association
ahall80,Zeta Phi Beta
aweek47,Illini Women’s Soccer Club
jlee56,Gah Rahk Mah Dahng
apace12,Student Bar Association
dmcin66,"Phi Beta Sigma Fraternity Inc., Epsilon-Xi Chapter"
rhunt85,Illinois Student Chapter of the Wildlife Disease Association
jpric10,Illini EV Concept
hholl46,Linguistics Student Organization
ecruz16,Azerbaijan Student Association at UIUC
srami98,Illini Painting Club
kschr88,American Constitution Society
jphil86,"Lambda Theta Phi Latin Fraternity, Inc."
tstou19,Pre-Medical Asian Pacific American Medical Student Association
jjose51,Illinois Spikeball Roundnet Club
rpete53,Biomedical Engineering Society
pbrow80,Illini Brazilian Jiu Jitsu Club
cwill29,Lambda Phi Epsilon
dgree93,Illini Chamber Strings ( ICS )
jgran33,Traders at Illinois
aherr60,Polish Club Zagloba
clin51,Strengthening and Empowering Educators of Diverse Statuses
hgord50,Engineering Outreach Society
rdono40,Illinois Sailing
knels4,Elevate Campus Ministry
bolse90,IlliniFurs
jwash66,Illinois Recreational Baseball League
jhoga70,Security Studies Group
aloga31,Pre-Genetic Counseling Club
ajone53,Numenor Foam Fighting
chugh63,Illini EV Concept
dthom82,Electric Propulsion Initiative
rmorg89,UNICEF at UIUC
sprin76,The SODA
phigg97,Chinese Students and Scholars Association
mjone36,Art Ed Student Organization
eande63,Creative Writing Club
kmedi97,Film Score Orchestra ( FSO )
pshep30,Founders - Illinois Entrepreneurs
jknap44,RISE
bmitc5,Beta Psi Omega
kvega48,Phi Kappa Tau Fraternity
mgilb44,Phi Delta Phi - Illini Hall
amay56,Students for Fair Democracy
amurr56,Writers Organizing Realistic Dialect
wbarr92,Illinois Consulting Group
asloa93,Albanian Student Association
choga42,CSC
tmitc99,Illinois Solar Decathlon
rrich89,Minorities in STEM
dpark68,Crisis Nursery Student Initiative
tstan39,iRobotics
mgent55,Sigma Lambda Beta International Fraternity Inc.-Kappa Chapter
kmart20,Food Science and Human Nutrition Graduate Student Association
amcph16,Special Warfare Club
ltayl87,ACHA Men’s Division II Hockey Club at the University of Illinois Urbana-Champaign
aturn28,Illinois Restructuring Club
pmyer27,Triangle Fraternity
kpaul95,Golden Apple - Illini
apace69,Undergraduate Neuroscience Society
klee54,Cornerstone Christian Student Fellowship
hthom59,Journey International Ministry
mflor70,Undergraduate Neuroscience Society
mmeye29,Human Development and Family Studies Graduate Student Organization
wbake3,Film Score Orchestra ( FSO )
cblac44,Pakistani Graduate Students Association
mrobe46,Future Health Care Executives
ehawk68,Yarn and Unity
bshep62,4-H House Cooperative Sorority
jfros66,LinguaMed
hcann84,The National Society of Pershing Rifles
lcuev43,Alpha Omega Epsilon Engineering Sorority
dmart98,Crop Sciences Graduate Student Organization
kponc31,Nutrition In Health
kruss55,KOJOBS
lmart85,Illini Tang Soo Do
jboyd25,Balloon Design at Illinois
dhayn9,Illini Urban Farmers
lrobl7,Cancer Center at Illinois Student Organization
kwals27,Character Creation Hub
cande50,The Illinois Student Undergraduate Research Journal
gcrai1,Black Greek Council
pgibs93,Youth Sports Relief Team
pritt2,Destino
sscot88,Divergence 2% Laboratory
nforb60,Tea and Company
slyon90,Gamma Phi Beta Sorority
sflor62,Illinois Sailing
dhigg74,WPGU-FM 107.1
kburk22,Root to Roof
ecase8,Illini Business Forum
gkent17,I-CAUSE
kgreg37,Korean-American Scientists and Engineers Association
nalva50,Pre-Genetic Counseling Club
cshan56,Paint and Pencil
lwolf62,Singapore Students Association
ahuds82,WeXpress UIUC
mstew2,Space Law Society
jhard76,"Delta Phi Omega Sorority, Inc."
rbald25,IlliniThon
mgrah63,Illini Life Student Fellowship
mlee93,Beta Sigma Psi
scros55,Minorities in Aerospace
fhoop72,Alpha Phi International Sorority
bmoor7,Illini Pullers
jpage79,Illini Fighting Alzheimer’s
egome48,Adaptive Abilities
msmit65,"Black, Indigenous, and Latinx in Tech - B [ U ] ILT"
prome48,Bangladeshi Students Association
ecole14,Illini N Motion Dance Team
akent84,Black Business Network
tjone49,American Concrete Institute
jhall51,MannMukti
cbroo81,"Black, Indigenous, and Latinx in Tech - B [ U ] ILT"
csmit93,Vietnamese Student Association
jstei51,Illini Students Supporting Israel
sagui8,In Between at UIUC
plope69,The Illinois Alt. Protein Project
hmoor60,Illini Crusaders
msmit85,E-Somniacs
awilk83,Tau Beta Pi Engineering Honor Society
dleon93,Illini Wildlife and Conservation Club
gwest5,Tau Beta Pi Engineering Honor Society
sjone4,Project 4 Less
sdoyl30,Hellenic Student Association
relli37,Circassian Benevolent Student Association
chall47,Club Insecta
lbrad47,Sibshops UIUC
rorti46,National Society of Black Engineers
jsmit64,Roselle
sstep89,Psychology Research and Community Club
bgonz37,Students Consulting for Nonprofit Organizations
kashl12,Astrobiology Club
anguy32,Clubs Communities
ccrai99,Bar None
jchap18,Pre-Pharmacy Club
djone37,Minorities in Animal Sciences
evill80,Cover 2 Cover
elewi9,Illinois Biodiesel Initiative
cwarr45,Hillel Leadership Council
hsmit29,Hellenic Student Association
khess85,Society of Women Engineers
acolo3,Emergency Management at UIUC
hmill14,RISE
akeit47,Greeks Redefined
dcarr54,In Between at UIUC
sreil28,Student Basic Needs Coalition @ University of Illinois at Urbana- Champaign
kbaut80,Illinois Club Baseball
jwils95,Business Council
rblev4,Society for Engineering Mechanics
kflyn87,Club Tennis
tdavi30,Asian Pre-Law Association
adono76,Alpha Epsilon Delta Pre-Health Society
pclar93,Christian Literature Club
jniel55,Illini Speed
jbrya3,Gargoyles Honors Society
jdavi97,Production Medicine Club
lho91,The Illinois Alt. Protein Project
jbrad89,The Diabetes Link
tvega52,Illini Chinese Christian Fellowship
schan88,Pre-Medical Asian Pacific American Medical Student Association
sjack63,Bangladeshi Students Association
jelli29,Gamma Iota Sigma
jcamp80,Phi Alpha Theta
treye87,Academic Buzzer Team: A Quiz Bowl Organization
lthom4,Pi Beta Phi Sorority
mrodr3,Illinois Semiconductor Student Alliance
emccl52,Sports and Entertainment Law Society
relli17,Interfaith in Action
khuan3,Root to Roof
mcobb86,The Kat Walk
krios89,FinTech Student Society
jdani52,Heart of Kindness UIUC
cbutl26,Jasmine Field Orchestra
mcald76,Illini Electric Motorsports
lcunn68,Baltic Club
aowen18,Bar None
jzuni59,Labor and Employment Relations Wellness Committee
criva65,Ballet Folklorico Mitotiani
kgill45,Asian Pacific American Medical Student Association
rreye16,The American Chemical Society East Central Illinois Women Chemists Committee
shopk22,Turning Point USA
mbeck88,Young Americans for Freedom
ajohn32,Flying Illini Booster Club
eburt62,Badminton For Fun
mevan16,Undergraduate Pre-PhD Society
rlynn68,Caring Companions Initiative
lluca80,Hack4Impact UIUC
bpott44,Black Graduate Student Association
wmart13,Black Chorus at the University of Illinois
jhoff15,Illini Sheltering Hands Society
nmile32,Pre-Physician Assistant Club
mmill52,Delta Gamma Sorority
lcole15,Illini Wushu Club
mburn40,American Society of Agricultural and Biological Engineers
ldavi98,Central American Student Association
cmill50,Red Crescent Moon
asull70,Women in Mechanical Science and Engineering
rbank27,LAS Leaders
msilv93,Illinois Music Business Club
cwill90,Illinakia
rmorg82,Laboratory Animal Medicine Club
okrau79,Illini Swim Club
ahall45,Illinois Semiconductor Student Alliance
pcohe74,Polish Club Zagloba
dhern69,Double Helix Digest
jscot33,Kappa Alpha Theta Sorority
kandr70,Steel Bridge
bdelg87,LAS Leaders
lbrow58,Brain Matters
dross91,African Students Organization
rduar14,Stitching Illini
jruss19,CodeRed
cmyer42,Bridges International
kdean42,Illini Chess Club
kwalk25,Ukrainian Student Association
broge85,Illinois Semiconductor Student Alliance
gkirb81,Earthquake Engineering Research Institute
chall79,Myra Bradwell Association for Women Law Students
sgood21,Black Graduate Student Association
ddavi31,Illini Women’s Hockey Club
fmerc34,Organization for Latines in Audiology and Speech-language Pathology
kolso66,Interdisciplinary Health Educators And Leaders
jkenn60,Food Science and Human Nutrition Graduate Student Association
smatt92,Singapore Students Association
hwhit41,"Kappa Phi Lambda Sorority, Inc."
mcart55,Writers Organizing Realistic Dialect
csimm39,Aerial Illinois Robotics
rpete16,Kappa Alpha Pi
jmatt18,Competitive Super Smash Bros. Club
awils96,Eco Illini Supermileage
mpars75,Illinois Robotics in Space
jswee49,Dance2XS Caliente
ssant80,Corporate and Business Law Association
cjohn58,Fizaa
twarn9,Illinois Trial Team
ssant4,"Institute for Scientific Progress, Innovation, Research and Edutraining"
bbrow85,Illini Boxing
cjime99,Moda Belissima
dwats48,IGNITE @UIUC
khaye94,Illinois Rip Chords
llope39,UIUC Fataaka
mjohn9,The National Society of Pershing Rifles
rengl89,Illinois Consulting Group
mspen82,Association for Computing Machinery
jadam72,Christ Community
jfred76,Roselle
jgarc54,Illinois Women’s Volleyball Club
lrowl24,Arabic Debate Student Association
eguer71,Acoustics at the University of Illinois
kmoor99,MEDLIFE UIUC
smora5,Documentary Club at UIUC
jzimm49,Illinois Open Ultimate Frisbee Team
dperr36,Future Health Care Executives
asand38,Social Justice Initiative
abrow90,Science Policy Group
khill62,African Students Organization
mwils27,Crop Sciences Graduate Student Organization
amcke2,Business Council
cjohn53,Exploration Robotics at University of Illinois
nmora95,American Mathematical Society Graduate Chapter
ajone82,Organization for Latines in Audiology and Speech-language Pathology
pmurp25,Evangelical Christian Union
hwhee39,Sharing Smiles with Hospice Patients
jsmit86,Disability Law Society
pbens51,Amnesty International 124
sblan10,Korean Art Architecture Design Association
dgeor8,Odd Request Improv
aprin50,American Society of Agricultural and Biological Engineers
vhall73,New City Collegiate
dmyer45,Illini Books to Prisoners
djenk9,Illinois Club Baseball
ksmit75,Collegiate Academy
mriva8,National Organization for Business and Engineering
rheat60,Production Medicine Club
ksawy77,Financial Engineering Club
kruss69,Illini Speed
gcamp14,Futures and Options Society ( FOS )
cmidd31,Global Review at Illinois
fgonz89,Public Policy Leaders
sthom45,Alpha Tau Alpha slash Ag Ed Club
arobi73,Gospel Fellowship
zponc77,Materials Research Society
kcoll40,Public Interest Law Foundation
kwhit4,Illinois Ballet Company
dibar46,Illinois Solar Decathlon
cscot47,Foundation for International Medical Relief of Children - UIUC Chapter
swise3,Cosplay Design League
cgarr56,Phi Eta Sigma National Honor Society
jcoll76,American Sign Language and Deaf Culture Club
jshep7,Supply Chain Management Association an ASCM Chapter
twarr49,Illini Hockey Club
jhick39,Human Factors and Ergonomics Society at the University of Illinois Urbana-Champaign
ccruz4,Student Aircraft Builders
anels85,National Agri-Marketing Association at UIUC
jgarc44,Kinesiology Student Association
acarl81,Illini Mentor Program
amill23,Illini Ice Girls
kgome2,"Alpha Sigma Omega Latina Sorority, Inc."
arami97,Hip-Notic Dance Team
ktran16,Pre-Dental Club
dblac85,Maker Network
ljeff61,In Between at UIUC
jlars96,Black Law Students Association
cchan13,Indian Graduate Students Association
dgood86,National Association of Black Accountants
rboye1,UNICEF at UIUC
mhill79,Pre-Health Latino Undergraduate Society
nspar59,Master of Finance Student Organization
amurp78,Alzheimer’s Disease and Dementia Alliance
jevan94,Dance2XS Caliente
dconn38,Illinois Music Business Club
dbrya16,Golden Apple - Illini
rmedi95,Illinois Semiconductor Student Alliance
abrow96,American Red Cross Club at the University of Illinois at Urbana Champaign
ehall79,Covenant Fellowship
jjohn18,"Sigma Gamma Rho Sorority, Inc."
gwill41,Muay Thai Club at Illinois
cwill53,Labor and Employment Relations Wellness Committee
jdrak78,Sigma Phi Delta Fraternity
lwood17,VAW Global Veterinary Outreach
jland22,Dance2XS Caliente
jthom34,Phi Kappa Tau Fraternity
dnels43,Hellenic Student Association
cblak9,Illinois Golf League
bhobb80,Arabic Debate Student Association
mmcin98,Sigma Phi Delta Fraternity
pschu2,Acacia Fraternity
ajohn9,Women in Chemical Sciences
dgonz40,Hong Kong Student Association
bbrow50,October Lovers Club
mcars51,Sigma Alpha Epsilon Fraternity
mlope10,Black Muslim Association
lsali34,MannMukti
amoor98,Labor and Employment Relations Wellness Committee
mthom80,Design Innovation Illinois
amoon28,Kappa Delta Chi
jmitc81,Undergraduate Law Review at the University of Illinois at Urbana-Champaign
crosa25,Korean Guitar Club
shend55,Prospanica
sknox63,Lutheran Student Movement
aande17,Pre-Pharmacy Club
mtayl81,Japanese Animation Club
cstew63,Disabilities United in Urbana-Champaign
pglas40,Hillel Leadership Council
djohn40,Retrieval Augmented Generation @ UIUC
npett19,Phi Alpha Theta
jlee55,GLAM Squad
pharr42,Kappa Delta Sorority
kedwa37,Product Space UIUC
kalex33,4 Paws for Ability at the University of Illinois Urbana-Champaign
cschm16,Kendo and Naginata club at the University of Illinois Urbana-Champaign
cburn59,International Consulting Network
dmayn17,Illini Books to Prisoners
jacos58,Sharing Smiles with Hospice Patients
alewi45,Letters of Love UIUC
rhowe3,Student Organization Resource Fee ( SORF ) Board
treed96,Social Justice Initiative
glewi80,Society for Business Management in Architecture
awash67,Illini Chinese Christian Fellowship
jhaye41,Varsity Men’s Glee Club at the University of Illinois
gcrai6,Tau Kappa Epsilon Fraternity
mwood81,Geotechnical Engineering Student Organization
mmora89,Champaign-Urbana Trickers
acort83,Intellectual Property Legal Society
ahamm11,Vitality Dance Team
wrive94,Mexican Student Association
csell86,Christian Literature Club
jmcma90,Illini Sheltering Hands Society
dmart9,Korean Jesus-Love Church
rflow23,Illini Life Student Fellowship
bgonz71,Human Development and Family Studies Graduate Student Organization
bpark42,Eta Kappa Nu Electrical and Computer Engineering Society
pdavi65,Alpha Tau Alpha slash Ag Ed Club
pguti78,Arnold Air Society - Jake Schaefer Squadron
mbald17,Illini Women’s Soccer Club
lmonr83,Tea and Company
morti80,Brave New Midnight
jgood46,Sports Analytics Society
nchan27,Queer Book Club
mmore74,Historical European Martial Arts Urbana slash Champaign
swall1,Phi Kappa Psi
sharp19,The What You Will Shakespeare Company
kgarn54,Pre-Health Latino Undergraduate Society
cdiaz64,Illini Women’s Golf Club
ajone51,Euchre League
nmore61,Acts Campus Ministry at UIUC
mperr70,CornTV
kroge54,Russian Speaking Organization
lharr70,Illini Esports
ljone60,Global Medical Missions Alliance
wparr55,Women and Gender Minorites in Physics
msing45,Student Nurses’ Association
spere9,Asian Pacific American Medical Student Association
kday41,Illinois Biophysics
tfish60,"Delta Sigma Theta Sorority, Inc Alpha Nu Chapter"
bfuen46,Squirrel and Bird Watching Club
kburc92,Eastern European Illini
cpowe26,Student Nurses’ Association
abowe86,Young Americans for Freedom
amedi15,Latinx Law Students Association
srami59,Society for Ecological Restoration at the University of Illinois
cbest45,Udaan
fhaye63,Save the Children Action Network at University of Illinois at Urbana Champaign
mmora24,Society for Women in Physics
mjone78,Formosa Volleyball Enthusiasts
rgonz37,Taylor Swift Society
msnyd41,Sociology Student Organization ( SSO )
jaria22,Illinois Men’s Soccer Club
mhart34,IlliniReads
treye82,Illio Yearbook
csoto51,Women In CyberSecurity Student Chapter
rmuel12,The Illini Metagamers
dhorn70,Illini Table Tennis Club
twill81,Illinois Women’s Fastpitch Softball Club
jholm5,Skateboarding Illini
aespi12,Camp Kesem at University of Illinois
ahoov98,Interfraternity Council
bmill52,Illini Service Dogs
welli20,Illinois Synchronized Skating
ajohn56,Mi Pueblo Spanish Conversation Groups
egree93,LEAN Six Sigma Council
jrive33,Catholic Illini Association
mlee95,Electric Propulsion Initiative
rmacd78,FarmHouse Fraternity
jwils60,Illini Railroad Club
mdixo37,"Phi Gamma Nu, Professional Business Fraternity"
jruiz98,FIFA 25 Soccer Club @UIUC
ttuck23,Illini Crusaders
anort89,Beta Sigma Psi
stayl45,Queer Library Alliance
djenk68,Project Code UIUC
ctayl14,Mariachi Alma de la Universidad de Illinois
pwhit22,Student Society for Human Resource Management
aclar78,Raas Mania
ehall23,Best Buddies International
agonz29,Illini Awaaz A Cappella
jgeor80,Remote Area Medical Chapter at UIUC
asull36,Physicians for Human Rights
mbarn61,Alpha Omicron Pi
clync52,Phi Chi Theta Professional Business Fraternity
jport40,The American Chemical Society East Central Illinois Women Chemists Committee
nreye21,Actually Neurodivergent
dcoop8,National Association of Black Journalists
msmit95,Journey International Ministry
rhaye18,Physics Society slash Society of Physics Students
sgarc5,Red Crescent Moon
dadam64,Illini Fighting Alzheimer’s
nwelc6,The National Organization of Minority Architecture Students
tkenn4,Illini EV Concept
cthor73,Illinois Triathlon Club
nfros77,Sigma Nu Fraternity
jhaye52,The Illinois Alt. Protein Project
crodg5,American Association for Aerosol Research at UIUC
sharp74,Photon Pictures
sfred33,Microfishing at Illinois
bfran7,Pregnant Pig Protection Role Play Game
slewi21,Gamma Phi Beta Sorority
cmill81,Students for Environmental Concerns
cjack5,Disability Law Society
cwatt85,Zeta Phi Beta
smora14,Altgeld Ringers
tstev92,Planned Parenthood Generation Action
mwhit11,Altgeld Ringers
kbish37,Chai Town
cmcki25,Security Studies Group
astaf90,Economics Graduate Student Organization
cware97,Student Art History Association
jvarg82,Graduate Students of French and Italian
rhopk93,Asian Pacific American Medical Student Association
mrodr50,Illinois MicroTech
slope79,Phi Alpha Theta
mdoyl11,Mahjong Club at UIUC
jclar5,Illini Business Forum
jestr47,Sports and Entertainment Law Society
rjohn72,Macro Investing Association
cyoun39,Mindful Movement
sridd17,Phi Alpha Theta
ajohn20,Impact Investing Club
rhous69,"Rho Epsilon, Student Real Estate Association"
kthom65,Illinois Design Challenge
asnow6,Central American Student Association
jlewi31,Supply Chain Management Association an ASCM Chapter
dmald94,Alpha Omega Epsilon Engineering Sorority
kstev13,Association of Food Technologists
krice6,National Agri-Marketing Association at UIUC
kcoop74,Illini Kennel Club
sflow30,Black Graduate Student Association
showa78,American Society of Civil Engineers
adani82,American Choral Directors Association University of Illinois Student Chapter
kpark23,IlliniReads
sbish34,Human Factors and Ergonomics Society at the University of Illinois Urbana-Champaign
sdani75,"Alpha Phi Alpha Fraternity, Incorporated"
treed73,FIFA 25 Soccer Club @UIUC
vbarn46,Illini Swim Club
sharr37,Deutschklub at Illinois
kjone58,Tau Kappa Epsilon Fraternity
chend19,CSC
mjohn68,Illini Emerging Leaders
cmack11,Student Organization Resource Fee ( SORF ) Board
mperr84,Illinois Leadership Center ( ILC )
jnels14,"Operation Smile, UIUC Chapter"
asoto55,Gender and Women’s Studies RSO
nmuno57,CSC
rhuyn61,Game Night
dgain59,Korean Undergraduate Network
rbake35,Cosplay Design League
rjone24,Alpha Xi Delta
tacev3,Korean-American Scientists and Engineers Association
docon61,Panhellenic Council
mkent59,Political Science Graduate Student Association
pclem33,Hot Pot Basketball Association
nalva77,C-U Cinefile
arami22,Illini Wildlife and Conservation Club
jwhit77,College Republicans at UIUC
bholl80,Kappa Kappa Gamma
psmit5,"Delta Phi Omega Sorority, Inc."
lsmit36,"American Society of the Heating, Refrigeration and Air-Conditioning Engineers"
rperk60,Muslim Law Students Association
kbrow82,Yu-Gi-Oh Illini
vashl95,Security Studies Group
vgarc88,OTCR Consulting
lshie68,Black Greek Council
sbake32,Ukrainian Student Association
kwrig72,Minority Association of Pre-Dental Students
anguy91,ALPFA Illinois
ahart97,Remote Area Medical Chapter at UIUC
smart88,The Phoenix Improv Company
acruz16,Coptic Orthodox Christian Fellowship
cjone82,Sigma Chi Fraternity
tmcin5,Numenor Foam Fighting
jbrau83,Student Affairs Sustainability
cande23,Film Score Orchestra ( FSO )
sbenj50,Sigma Lambda Gamma National Sorority Inc. Delta Chapter
mjack51,Global Medical Missions Alliance
bmart35,Women in Data Science Urbana-Champaign
ajame46,Illinois Student Chapter of the World Aquatic Veterinary Medical Association
smeye15,The Hemp Club
eande50,Student Organization Resource Fee ( SORF ) Board
jgeor20,Sigma Nu Fraternity
mgard33,Illinois Sports Business Conference
sdavi59,LGBTJew
arams1,Illini Women’s Water Polo
agonz78,Cheese Club At UIUC
gkent1,Indian Graduate Students Association
tthom44,South Asian Law Students Association
tsmit95,Illini Women’s Golf Club
kmart40,Student Nurses’ Association
hcerv58,Phi Alpha Theta
rbook89,Microfishing at Illinois
mlitt57,American Advertising Federation at the University of Illinois
fyoun81,The What You Will Shakespeare Company
spere29,Liquid Rocketry at Illinois
sharr10,Graduate Students of French and Italian
llawr14,The Latine Social Work Organization
stayl38,Illini CHAARG
jmart57,National Student Speech Language and Hearing Association
rhard88,Illinois Men’s Rugby
blowe11,Minority Association for Future Attorneys
ddavi39,Indian Student Association
eharm75,Illinois Women’s Rugby Football Club
dhamm8,Afrique Dance Ensemble
jlowe24,Wesley Foundation Student Fellowship
choov65,"Hermandad de Sigma Iota Alpha, Incorporada"
mevan29,Character Creation Hub
njohn74,Illini Veterans
ghowa5,Production Medicine Club
mmcgr83,The National Society of Pershing Rifles
jwall56,Illini Trap and Skeet Club
jthom44,TerraWing
cperr25,The Red Shoe Foundation
mheat81,Society of Professional Journalists
vking58,"Alpha Kappa Alpha Sorority, Incorporated. Gamma Chapter"
mlyon96,Christian Law Students Association
jgree21,It’s On Us at UIUC
mbish60,Illini Film and Video
jhill15,Pregnant Pig Protection Role Play Game
bwils37,"Illini Women in Economics, Econometrics and Statistics"
mbrad47,Knights of Columbus Council number sign 2782
khall33,"Operation Smile, UIUC Chapter"
jjone41,Tau Kappa Epsilon Fraternity
mreye48,Young Americans for Freedom
rlee89,Montage Arts Journal
cvinc42,Salaam Middle East and North Africa ( MENA ) Cultural Center
rgill13,Mariachi Alma de la Universidad de Illinois
fpete89,National Association of Black Journalists
cburt49,Special Warfare Club
mmore90,Illinois Student Council
mvazq61,Knights of Columbus Council number sign 2782
mgood77,Illinois Consulting Group
pjone47,Illini Raas
mhodg68,"Delta Phi Omega Sorority, Inc."
mgibs45,Hip-Hop Collective at UIUC
rharr18,"Lambda Theta Phi Latin Fraternity, Inc."
nsmit4,Delta Delta Sigma
jwils10,Habitat for Humanity Campus Chapter
sjame81,Hillel Leadership Council
apark99,Illini Democrats
jmaso38,The Hoeft Technology and Management Program Student Organization
mdavi32,Illinois Women’s Volleyball Club
fdela13,Women in Statistics
awill50,Institute of Industrial and Systems Engineers
kboyl42,College of Law Labor and Employment Law Society at the University of Illinois
arodr63,Hispanic Student Nursing Association
kcarl40,Japanese Student Association at UIUC
dlope85,Illini Mens’ Water Polo Club
amill45,Noble Print Club
sbren10,Gospel Fellowship
aowen78,"Kappa Phi Lambda Sorority, Inc."
tbake89,Alpha Delta Phi Fraternity
tnich11,Zeta Phi Beta
cluna18,Dheem
kdura44,Illinois Women’s Club Basketball
mpier68,Army ROTC Cadet Council
breye64,Astronomical Society at the University of Illinois at Urbana-Champaign
pmerr68,Iranian Cultural Association
dherr43,Deutschklub at Illinois
cmcmi24,The Red Shoe Foundation
bdunn89,Collegiate Academy
asmit98,ALPFA Illinois
jpear99,Intercollegiate IllinoiSkating
jpere75,Sudden Cardiac-Death Awareness Research Foundation: University of Illinois at Urbana-Champaign Chapter
jyoun70,The Classics Club
msull39,SKY Meditation at UIUC
chayn32,Minority Association for Future Attorneys
rcont25,Grupo Illini
mcerv97,Association for Quantitative Trading Education
tblac35,Illinois DII Club Baseball
delli88,The Blading Illini
magui32,Crumbl Club
dsmit24,Bilingual Organization for SHS Students
kthom3,Pre-Law Honors Society: The Order of Prospective Lawyers
aturn78,The Scholarly Reading Circle For Economics at UIUC
kfull41,BuildIllinois
ljone65,Association of The Liberal Arts and Sciences
sdalt51,Fencing Illini
cwatk41,Exploration Robotics at University of Illinois
joliv22,Kendo and Naginata club at the University of Illinois Urbana-Champaign
lhill91,Change Ringers of Urbana-Champaign
sbrow72,Illinois Ballet Company
cyoun49,Delta Chi Fraternity
hyoun30,Re: verie
vspen61,Illini Math Tournament at UIUC
twils78,Women in Mechanical Science and Engineering
cstev27,Phi Chi Theta Professional Business Fraternity
kcamp24,SoSudsy Soap Club
ajeff19,Society for Ecological Restoration at the University of Illinois
pproc85,JET - Jewish Education Team
showa39,Serbian Student Association
fholt33,Kinesiology Student Association
ccraw81,Baptist Chinese Campus Ministries
mscot15,CodeCat
abenn87,Illini Barbell
estev98,Illini Brazilian Jiu Jitsu Club
jjohn79,Illinois Robotics in Space
plowe57,Catholic Relief Services at the University of Illinois
ssmit79,Floor Lovers Illinois
abish49,Illini Thaakat Foundation
myork92,Girls Who Code UIUC College Loop
awood11,Burden Shifters: The University of Illinois College of Law Strength and Conditioning Club
mbrad33,Flippin’ Illini Gymnastics Club
kbaue94,Accounting Club
jkais88,Prospanica
chart48,SoSudsy Soap Club
msmit13,Supply Chain Academy
matki9,Iota Phi Lambda
dlope52,"American Fisheries Society, U of I Student Subunit"
mjenk85,Illini Rhythm Syndicate
falle84,International Students Association
cnorr9,Institute of Industrial and Systems Engineers
mtayl44,Special Warfare Club
aflor27,"Black, Indigenous, and Latinx in Tech - B [ U ] ILT"
dlewi79,Illini Run Club
gmalo84,Illinois Robotics in Space
jpace96,Hospitality Management Association
cchan11,Russian Speaking Organization
rcart68,Dance2XS at UIUC
jkirk6,Illini Life Student Fellowship
dcook30,Exploration Robotics at University of Illinois
mmora18,Illinois Shotokan Karate Club
hhamp69,Engineering Council
cmitc34,BLNKD
dgray26,Baptist Campus Ministries
awrig20,"Gamma Phi Omega International Sorority, Inc."
cgilb1,KOJOBS
lmart89,International Taekwon-Do Federation Club at Illinois
sjohn16,SKATE for Girls
salle6,Design For America at UIUC
jcald34,Students Organize for Syria
iedwa61,Kendo and Naginata club at the University of Illinois Urbana-Champaign
rstan22,Pre-Pharmacy Club
chigg30,Illinois Trial Team
lgarc38,Traveling Illini
kwint13,The Student Chapter of the American Holistic Veterinary Medicine Association at the University of Illinois
gfull68,Sikh Student Association
jcraw73,Caring Companions Initiative
dyoun13,American Society of Agricultural and Biological Engineers
ksnyd75,Sigma Alpha Iota International Music Fraternity for Women
sglas45,LGBTJew
abenn29,Illinois Club Dodgeball
mmuel52,Alpha Xi Delta
rjack47,Chinese Theatre Group
afran34,Illini N Motion Dance Team
nhend97,"Alpha Phi Gamma National Sorority, Inc."
kgibs29,Illinois Student Chapter of the American Association of Equine Practitioners
cwyat85,American Society of Civil Engineers
jlyon25,Global Empowerment for Women’s Medical Support
kbrad63,Supply Chain Management Association an ASCM Chapter
jsull59,Women in Aerospace
jmora37,Society for Business Management in Architecture
rwils52,Impact Investing Club
nwalt49,Graduate Students in Ecology and Evolutionary Biology
jfran14,Sigma Nu Fraternity
astew41,The Scholarly Reading Circle For Economics at UIUC
ddavi94,Chinese Students and Scholars Association
rbens75,Supply Chain Academy
adors65,Muslim Students Association
amart5,Prospanica
rbrow76,MedLaunch
dcher99,Lego Masters at UIUC
scurr84,Conch Shell Mental Support
cboyd45,Fulbright Student Association
mrami91,Malaysian Student Association ( MaSA )
smcco98,Public Interest Law Foundation
cturn40,THE5H4N Club
ttuck68,International Students Association
dsmit34,Pre-Law Honors Society: The Order of Prospective Lawyers
cpadi11,American Medical Women’s Association at UIUC
ajame13,Sports and Entertainment Law Society
bbeas11,Chi Psi Fraternity
cmcca58,Lambda Phi Epsilon
slowe99,Illinois Design Challenge
bespi36,Limitless Achievers
jcoll2,Dancing Illini
rsmit79,Pre-Vet Club
lcalh43,Virtual Reality Club at UIUC
swest49,A Space
jroge41,Student Bar Association
bmorr55,Pulse
cston74,Astronomical Society at the University of Illinois at Urbana-Champaign
mgay68,Health and Elder Law Society
caust68,Women Impacting Supply Chain Excellence
amull94,NRES Graduate Student Association
agarz31,Timothy Bible Fellowship
kcham87,Society for Business Management in Architecture
rchan64,Association for Quantitative Trading Education
salva97,IGNITE @UIUC
hgood96,Illinois Solar Decathlon
djone62,Double Helix Digest
hbarn4,International Illini
amata79,Singapore Students Association
breed49,The Illini Metagamers
ronea82,"Delta Sigma Theta Sorority, Inc Alpha Nu Chapter"
bmatt6,American Association for Aerosol Research at UIUC
kfran28,Illini Tang Soo Do
jkell31,Forging Unity Solidarity and Equity for QTPOC
rshaw25,Korean Student Association
bgate63,Alpha Delta Phi Fraternity
abake96,Project Taqwa UIUC
vhull30,Christian Law Students Association
gpere55,Illini Life Student Fellowship
mjone39,Cru
njime97,Student Art History Association
mbrow71,Deckonomics
msmit5,Financial Audit Club
rvill12,Timothy Bible Fellowship
jbren74,iPlan
jtayl79,Undergraduate Research in Scientific Advancement
zwill47,Illinois Undergraduate Moot Court Team
mluna66,Queer Wellness at Illinois
jgill78,The Financial Planning Club at Illinois
jhuff50,TAMID Group at Illinois
akenn91,Illini Women’s Golf Club
sryan93,Sri Lankan Cultural Association
ledwa13,English Corner
bagui76,"Phi Iota Alpha Fraternity, Inc."
ldalt45,Her Campus Illinois
walli76,Undergraduate Pre-PhD Society
lgarc49,Ecuadorian Student Association
sbarn84,Black Law Students Association
aflor62,Illinois Women’s Rugby Football Club
acruz59,Queer Library Alliance
ereed53,Minorities in STEM
jmyer66,Undergraduate Neuroscience Society
plope1,Illinois Space Society
ralle57,Accounting Club
ereid79,Institute of Industrial and Systems Engineers
mferg11,Journey International Ministry
chane72,The Other Guys
mharr13,Evexía
showa70,Society of Asian Scientists and Engineers
lsmit24,The Hoeft Technology and Management Program Student Organization
scole76,Mu Epsilon Delta
kdavi19,Materials Research Society
tmedi20,Penny Dreadful Players
kvarg9,Sports Analytics Society
lhern98,Letters of Love UIUC
cfran30,Healthcare Book Club
wschm95,Illini Table Tennis Club
slaws4,"Phi Gamma Nu, Professional Business Fraternity"
rperr45,Illini Run Club
rrowe35,Psychology Research and Community Club
apars87,Arab Student Association
jhill75,Law and Medicine at Illinois
acast87,Tau Beta Pi Engineering Honor Society
swalk30,Phi Delta Epsilon Medical Fraternity
pgarc76,Phi Mu Alpha Sinfonia Fraternity
abond37,Field and Furrow Agronomy Club
dguer97,THE5H4N Club
smoon23,American Medical Women’s Association at UIUC
jclay36,Deutschklub at Illinois
dpric59,Turkish Student Association
vruiz14,Material Advantage
kbate24,College of Law Labor and Employment Law Society at the University of Illinois
hwilk35,Skeumorphics
jpowe39,CodeRed
smill17,Women’s Glee Club
mramo47,Sri Lankan Cultural Association
charr57,Alpha Epsilon Phi Sorority
kneal14,"Engineers Without Borders, UIUC Chapter"
twils88,Psi Upsilon Omicron
chill41,Financial Engineering Club
jloga51,Burden Shifters: The University of Illinois College of Law Strength and Conditioning Club
kcruz94,Sudden Cardiac-Death Awareness Research Foundation: University of Illinois at Urbana-Champaign Chapter
aport80,Illinois Sailing
sleon66,"Minorities in Agriculture, Natural Resources and Related Sciences"
kphil32,Potted Meat Sketch Comedy
dmcle20,Caring Companions Initiative
amay8,Maker Network
tmccl34,Zero2One
nburn90,Phi Chi Premedical Society
kbell28,Latinx in Law
cmcdo28,The National Organization of Minority Architecture Students
svela34,American Mathematical Society Graduate Chapter
rvaug32,Black Graduate Student Association
zford53,Illini Service Dogs
jphil92,International Genetically Engineered Machine Team at the University of Illinois Urbana-Champaign
drobi81,Illini Mens’ Water Polo Club
celli12,Chinese Language Association for International Development
edavi48,Sigma Delta Tau
ejohn17,Clubs Communities
jgarc26,College of Law Labor and Employment Law Society at the University of Illinois
csawy59,Society for Equity in Astronomy
jrobi44,Gargoyles Honors Society
awill51,Kappa Alpha Pi
smoor22,American Association for Aerosol Research at UIUC
chowe19,Arnold Air Society - Jake Schaefer Squadron
swood8,Linguistics Student Organization
gmart78,Azerbaijan Student Association at UIUC
apitt36,Irish Illini
jmath9,NEXT
tagui82,Palestine Children’s Relief Fund
jnich8,Sibshops UIUC
aheat37,Epsilon Delta Professional Teaching Organization
tgrah78,Illini Women’s Hockey Club
rrich47,Young Americans for Freedom
myoun56,Public Interest Law Foundation
lgarc99,Graduate Biomedical Engineering Society
shopk36,Ghost Electric Motorcycles
rwood90,Global Empowerment for Women’s Medical Support
jfrye26,Cancer Center at Illinois Student Organization
agibs8,Phi Eta Sigma National Honor Society
trami21,Illini Urban Farmers
wdean92,Thrive Together
groy84,Engineering Student Alumni Ambassadors
tdunc14,Illini Ridgebacks Quadball Team
achap87,Student Ambassadors of UIPD
lguti51,Illinois Education Association - Aspiring Educators
cevan7,Student Affairs Sustainability
edavi62,Illinois Healthcare Mentorship Group ( IHMG )
dbail34,African Students Organization
sstan59,Student Organization Resource Fee ( SORF ) Board
dmath98,International Illini
tgarr12,Food Science and Human Nutrition Graduate Student Association
swong22,BuildIllinois
hharr72,Social Justice Initiative
rdean48,Muay Thai Club at Illinois
mreed86,K-Project
drowe38,Rube Goldberg Society
abenn34,Illinois Club Dodgeball
lwill55,Sri Lankan Cultural Association
jfull17,Kappa Kappa Psi
bgonz77,Human Development and Family Studies Graduate Student Organization
jguti28,Phi Kappa Sigma
twrig1,The Gray Matters at the University of Illinois Urbana-Champaign
kherr4,CornTV
dmonr2,Illini Student Musicals
nmont85,Phi Delta Phi - Illini Hall
aespa60,Next Generation Leaders
jcole87,Japanese Animation Club
rli53,Jain Student Association
cgarc29,Alpha Phi Omega
ffish34,Polish Club Zagloba
jrobi87,Illinois Women’s Fastpitch Softball Club
mande1,Aerial Illinois Robotics
bnels97,"Asian American Coalition Combating Oppression, Racism, and Discrimination"
ksimm84,Theta Xi Fraternity
hbake96,International Christian Fellowship
jirwi6,Illini Pullers
ssmit84,"National Association of Colored Women’s Clubs, Inc."
cthom88,Illini Esports
wgoul50,Hellenic Student Association
bnels55,Illinois Club Golf Team
hferg57,Education And Training For Health
ksali62,Club Insecta
jmeza74,American Society for Biochemistry and Molecular Biology Student Chapter at UIUC
ejone4,Korean Cultural Center
jwhit57,SKY Meditation at UIUC
sdavi32,American Institute of Aeronautics and Astronautics Student Branch
mcarr83,Off The Record
csmit39,DYP ( Do Your Part )
rwang20,Chinese Engineering Students Association ( CESA )
rjone8,Jain Student Association
jhard84,Macro Investing Association
dmurp98,Queer Wellness at Illinois
rjohn66,Global Engineering Brigade ( GEB )
dmoor11,I-CAUSE
dherr21,E-Somniacs
slyon7,Omega Chi Epsilon - Chemical Engineering Honor Society
bmuel11,Young Americans for Freedom
dwill36,TRUTH AND BEAUTY
bwils27,Illinois Triathlon Club
gdavi6,Game Theory Optimal Illini
mpete25,Illinois Men’s Club Basketball
cande28,The Dressember Organization of the University of Illinois at Urbana Champaign
tsull35,Jain Student Association
mstev36,"Minorities in Agriculture, Natural Resources and Related Sciences"
jbrow94,Dance2XS at UIUC
amcph30,Students Organize for Syria
jsant79,Business Council
tshar29,Empowering Minorities and Building Representation Across Civil and Environmental Engineering ( EMBRACE )
mchri8,Illini Math Tournament at UIUC
sthom55,Positive Pre-Meds
dstew74,Omega Chi Epsilon - Chemical Engineering Honor Society
bhowe35,Chinese Engineering Students Association ( CESA )
njohn59,Point Four Photography
bmart6,Alpha Delta Phi Fraternity
estew56,Illinois Robotics in Space
jpugh36,Design Build Fly
